Timestamp,Node,Model,In Tokens,Out Tokens,Total Tokens,Time (s)
2026-09-30 16:30:36,ORCHESTRATOR,nvidia/nemotron-3-nano-30b-a3b,280,208,488,10.89
2026-09-30 16:33:54,ORCHESTRATOR,nvidia/nemotron-3-nano-30b-a3b,280,124,404,4.27
2026-09-30 16:39:44,ORCHESTRATOR,nvidia/nemotron-3-nano-30b-a3b,280,304,584,5.46
2026-09-30 16:43:33,ORCHESTRATOR,nvidia/nemotron-3-nano-30b-a3b,326,262,588,3.70
2026-09-30 16:52:21,ORCHESTRATOR,nvidia/nemotron-3-nano-30b-a3b,305,273,578,5.39
2026-09-30 16:56:34,ORCHESTRATOR,nvidia/nemotron-3-nano-30b-a3b,202,181,383,5.96
2026-09-30 16:58:37,ORCHESTRATOR,nvidia/nemotron-3-nano-30b-a3b,200,120,320,1.33
2026-09-30 16:58:57,ORCHESTRATOR,nvidia/nemotron-3-nano-30b-a3b,199,82,281,0.87
2026-09-30 18:06:54,ORCHESTRATOR,nvidia/nemotron-3-nano-30b-a3b,203,92,295,1.94
2026-09-30 18:08:02,ORCHESTRATOR,nvidia/nemotron-3-nano-30b-a3b,206,112,318,1.95
2026-10-01 08:32:15,ORCHESTRATOR,nvidia/nemotron-3-nano-30b-a3b,259,65,324,7.84
2026-10-01 08:32:18,project_analytics,nvidia/nemotron-3-nano-30b-a3b,1633,891,2524,3.12
2026-10-01 08:32:51,ORCHESTRATOR,nvidia/nemotron-3-nano-30b-a3b,252,82,334,3.58
2026-10-01 08:32:55,project_analytics,nvidia/nemotron-3-nano-30b-a3b,1626,863,2489,4.12
2026-10-01 08:33:04,ticket_analytics,nvidia/nemotron-3-nano-30b-a3b,1611,734,2345,3.28
2026-10-01 08:37:25,ORCHESTRATOR,nvidia/nemotron-3-nano-30b-a3b,254,119,373,8.93
2026-10-01 08:37:28,project_analytics,nvidia/nemotron-3-nano-30b-a3b,1713,509,2222,2.64
2026-10-01 08:46:33,ORCHESTRATOR,nvidia/nemotron-3-nano-30b-a3b,257,74,331,5.24
2026-10-01 08:46:37,project_analytics,nvidia/nemotron-3-nano-30b-a3b,1656,864,2520,3.51
2026-10-01 08:46:48,ticket_analytics,nvidia/nemotron-3-nano-30b-a3b,1868,1555,3423,5.37
2026-10-01 08:52:00,ORCHESTRATOR,nvidia/nemotron-3-nano-30b-a3b,257,74,331,1.66
2026-10-01 08:54:21,ORCHESTRATOR,nvidia/nemotron-3-nano-30b-a3b,257,85,342,2.95
2026-10-01 08:54:29,project_analytics,nvidia/nemotron-3-nano-30b-a3b,1176,1367,2543,8.24
2026-10-01 08:54:47,ticket_analytics,nvidia/nemotron-3-nano-30b-a3b,1317,2486,3803,11.69
2026-10-01 08:56:58,ORCHESTRATOR,nvidia/nemotron-3-nano-30b-a3b,256,75,331,3.62
2026-10-01 08:57:08,project_analytics,nvidia/nemotron-3-nano-30b-a3b,1175,1724,2899,10.39
2026-10-01 08:57:20,ticket_analytics,nvidia/nemotron-3-nano-30b-a3b,1171,1013,2184,5.36
2026-10-01 09:01:58,ORCHESTRATOR,nvidia/nemotron-3-nano-30b-a3b,256,103,359,1.67
2026-10-01 09:02:02,project_analytics,nvidia/nemotron-3-nano-30b-a3b,1285,707,1992,4.22
2026-10-01 09:02:22,ticket_analytics,nvidia/nemotron-3-nano-30b-a3b,1282,2097,3379,13.01
2026-10-01 09:04:12,ORCHESTRATOR,nvidia/nemotron-3-nano-30b-a3b,256,76,332,3.23
2026-10-01 09:04:18,project_analytics,nvidia/nemotron-3-nano-30b-a3b,1286,1271,2557,5.86
2026-10-01 09:04:25,ticket_analytics,nvidia/nemotron-3-nano-30b-a3b,1263,1223,2486,6.69
2026-10-01 09:18:55,ORCHESTRATOR,nvidia/nemotron-3-nano-30b-a3b,256,73,329,3.61
2026-10-01 09:19:02,project_analytics,nvidia/nemotron-3-nano-30b-a3b,1286,1493,2779,6.60
2026-10-01 09:19:14,ticket_analytics,nvidia/nemotron-3-nano-30b-a3b,1263,1678,2941,11.78
2026-10-01 09:20:47,ORCHESTRATOR,nvidia/nemotron-3-nano-30b-a3b,255,72,327,2.53
2026-10-01 09:20:53,project_analytics,nvidia/nemotron-3-nano-30b-a3b,1285,716,2001,6.37
2026-10-01 09:21:11,ticket_analytics,nvidia/nemotron-3-nano-30b-a3b,1504,1948,3452,11.94
2026-10-01 09:25:09,ORCHESTRATOR,nvidia/nemotron-3-nano-30b-a3b,255,94,349,4.25
2026-10-01 09:25:15,project_analytics,nvidia/nemotron-3-nano-30b-a3b,1265,769,2034,6.41
2026-10-01 09:25:29,ticket_analytics,nvidia/nemotron-3-nano-30b-a3b,1353,855,2208,6.45
2026-10-01 09:31:14,ORCHESTRATOR,nvidia/nemotron-3-nano-30b-a3b,255,83,338,3.17
2026-10-01 09:31:23,project_analytics,nvidia/nemotron-3-nano-30b-a3b,1265,1294,2559,8.27
2026-10-01 09:31:35,ticket_analytics,nvidia/nemotron-3-nano-30b-a3b,1431,1088,2519,6.02
2026-10-01 09:33:54,ORCHESTRATOR,nvidia/nemotron-3-nano-30b-a3b,255,83,338,2.83
2026-10-01 09:34:02,project_analytics,nvidia/nemotron-3-nano-30b-a3b,1265,1618,2883,7.69
2026-10-01 09:34:20,ticket_analytics,nvidia/nemotron-3-nano-30b-a3b,1331,2291,3622,12.09
2026-10-01 09:34:23,FORMATTER,nvidia/nemotron-3-nano-30b-a3b,666,301,967,2.98
2026-10-01 09:37:50,ORCHESTRATOR,nvidia/nemotron-3-nano-30b-a3b,255,115,370,2.49
2026-10-01 09:37:58,project_analytics,nvidia/nemotron-3-nano-30b-a3b,1155,1478,2633,8.71
2026-10-01 09:38:14,ticket_analytics,nvidia/nemotron-3-nano-30b-a3b,1149,1971,3120,9.64
2026-10-01 09:38:25,FORMATTER,nvidia/nemotron-3-nano-30b-a3b,607,248,855,5.00
2026-10-01 09:41:30,ORCHESTRATOR,nvidia/nemotron-3-nano-30b-a3b,255,71,326,3.34
2026-10-01 09:41:37,project_analytics,nvidia/nemotron-3-nano-30b-a3b,1259,1488,2747,7.28
2026-10-01 09:41:58,ticket_analytics,nvidia/nemotron-3-nano-30b-a3b,1406,2148,3554,14.87
2026-10-01 09:42:08,FORMATTER,nvidia/nemotron-3-nano-30b-a3b,757,865,1622,3.91
2026-10-01 09:45:11,ORCHESTRATOR,nvidia/nemotron-3-nano-30b-a3b,255,83,338,3.68
2026-10-01 09:45:18,project_analytics,nvidia/nemotron-3-nano-30b-a3b,1259,1123,2382,7.33
2026-10-01 09:45:34,ticket_analytics,nvidia/nemotron-3-nano-30b-a3b,1370,1383,2753,9.19
2026-10-01 09:45:45,FORMATTER,nvidia/nemotron-3-nano-30b-a3b,721,759,1480,5.58
2026-10-01 09:48:12,ORCHESTRATOR,nvidia/nemotron-3-nano-30b-a3b,256,73,329,2.07
2026-10-01 09:48:19,project_analytics,nvidia/nemotron-3-nano-30b-a3b,1260,1361,2621,6.62
2026-10-01 09:48:33,ticket_analytics,nvidia/nemotron-3-nano-30b-a3b,1257,1207,2464,7.46
2026-10-01 09:48:47,FORMATTER,nvidia/nemotron-3-nano-30b-a3b,710,470,1180,8.62
2026-10-01 09:49:09,ORCHESTRATOR,nvidia/nemotron-3-nano-30b-a3b,259,65,324,1.96
2026-10-01 09:49:15,project_analytics,nvidia/nemotron-3-nano-30b-a3b,1263,1017,2280,6.32
2026-10-01 09:49:27,FORMATTER,nvidia/nemotron-3-nano-30b-a3b,9061,937,9998,5.65
